,Sample,site,LogFoldChange,Gene,Peptide
0,0,FL,3.556479608121644,FL,X.XXXXX*XXXXX.X
1,1,FL,4.179281254074004,FL,X.XXXXX*XXXXX.X
2,2,FL,2.992626109962034,FL,X.XXXXX*XXXXX.X
3,3,FL,4.148275295983326,FL,X.XXXXX*XXXXX.X
4,4,FL,3.10630582301281,FL,X.XXXXX*XXXXX.X
5,5,FL,7.075400136196323,FL,X.XXXXX*XXXXX.X
6,6,FL,4.574372621083063,FL,X.XXXXX*XXXXX.X
7,7,FL,5.55448984461052,FL,X.XXXXX*XXXXX.X
8,8,FL,3.647304691029952,FL,X.XXXXX*XXXXX.X
9,9,FL,4.660989717030892,FL,X.XXXXX*XXXXX.X
10,10,FL,2.722291754719798,FL,X.XXXXX*XXXXX.X
11,11,FL,4.040994025651639,FL,X.XXXXX*XXXXX.X
12,12,FL,5.878580808774832,FL,X.XXXXX*XXXXX.X
13,13,FL,5.606048215139296,FL,X.XXXXX*XXXXX.X
14,14,FL,3.7890811180699084,FL,X.XXXXX*XXXXX.X
15,15,FL,3.3714294250226287,FL,X.XXXXX*XXXXX.X
16,16,FL,2.5699407892214348,FL,X.XXXXX*XXXXX.X
17,17,FL,6.170834543324825,FL,X.XXXXX*XXXXX.X
18,18,FL,2.948720073282977,FL,X.XXXXX*XXXXX.X
19,19,FL,5.2672966248628965,FL,X.XXXXX*XXXXX.X
20,0,FLT3,11.418150855840839,FLT3,X.XXXXX*XXXXX.X
21,1,FLT3,7.901268816556023,FLT3,X.XXXXX*XXXXX.X
22,2,FLT3,6.4654651893011925,FLT3,X.XXXXX*XXXXX.X
23,3,FLT3,7.6822795305436555,FLT3,X.XXXXX*XXXXX.X
24,4,FLT3,6.116383387461252,FLT3,X.XXXXX*XXXXX.X
25,5,FLT3,8.432978825806748,FLT3,X.XXXXX*XXXXX.X
26,6,FLT3,2.827466906622695,FLT3,X.XXXXX*XXXXX.X
27,7,FLT3,10.662467998361072,FLT3,X.XXXXX*XXXXX.X
28,8,FLT3,4.769258743949888,FLT3,X.XXXXX*XXXXX.X
29,9,FLT3,5.485747806582379,FLT3,X.XXXXX*XXXXX.X
30,10,FLT3,9.176979485450016,FLT3,X.XXXXX*XXXXX.X
31,11,FLT3,5.780978307690633,FLT3,X.XXXXX*XXXXX.X
32,12,FLT3,5.932684046338324,FLT3,X.XXXXX*XXXXX.X
33,13,FLT3,3.4180585605342486,FLT3,X.XXXXX*XXXXX.X
34,14,FLT3,6.940740525461286,FLT3,X.XXXXX*XXXXX.X
35,15,FLT3,5.629357524834449,FLT3,X.XXXXX*XXXXX.X
36,16,FLT3,9.620635924861626,FLT3,X.XXXXX*XXXXX.X
37,17,FLT3,6.536868497309804,FLT3,X.XXXXX*XXXXX.X
38,18,FLT3,6.052872533930426,FLT3,X.XXXXX*XXXXX.X
39,19,FLT3,8.70979607774672,FLT3,X.XXXXX*XXXXX.X
40,0,STAT1,9.384439288221241,STAT1,X.XXXXX*XXXXX.X
41,1,STAT1,11.030520823852795,STAT1,X.XXXXX*XXXXX.X
42,2,STAT1,8.165658711686762,STAT1,X.XXXXX*XXXXX.X
43,3,STAT1,11.080102783395708,STAT1,X.XXXXX*XXXXX.X
44,4,STAT1,10.515163385838607,STAT1,X.XXXXX*XXXXX.X
45,5,STAT1,11.563762093684037,STAT1,X.XXXXX*XXXXX.X
46,6,STAT1,10.717416360462618,STAT1,X.XXXXX*XXXXX.X
47,7,STAT1,10.724777296665565,STAT1,X.XXXXX*XXXXX.X
48,8,STAT1,10.509310351487786,STAT1,X.XXXXX*XXXXX.X
49,9,STAT1,11.10072143633782,STAT1,X.XXXXX*XXXXX.X
50,10,STAT1,9.195652716095864,STAT1,X.XXXXX*XXXXX.X
51,11,STAT1,11.297740021739743,STAT1,X.XXXXX*XXXXX.X
52,12,STAT1,4.018925809202855,STAT1,X.XXXXX*XXXXX.X
53,13,STAT1,7.5236799690193426,STAT1,X.XXXXX*XXXXX.X
54,14,STAT1,10.662592280572404,STAT1,X.XXXXX*XXXXX.X
55,15,STAT1,11.043575606733581,STAT1,X.XXXXX*XXXXX.X
56,16,STAT1,9.746099782449937,STAT1,X.XXXXX*XXXXX.X
57,17,STAT1,11.208916747895094,STAT1,X.XXXXX*XXXXX.X
58,18,STAT1,6.848673537241056,STAT1,X.XXXXX*XXXXX.X
59,19,STAT1,12.780840932292831,STAT1,X.XXXXX*XXXXX.X
60,0,STAT3,12.13196705284219,STAT3,X.XXXXX*XXXXX.X
61,1,STAT3,11.165892117908365,STAT3,X.XXXXX*XXXXX.X
62,2,STAT3,11.441836008117722,STAT3,X.XXXXX*XXXXX.X
63,3,STAT3,11.537842562296753,STAT3,X.XXXXX*XXXXX.X
64,4,STAT3,7.464645972802259,STAT3,X.XXXXX*XXXXX.X
65,5,STAT3,12.672921050564616,STAT3,X.XXXXX*XXXXX.X
66,6,STAT3,5.603834664914566,STAT3,X.XXXXX*XXXXX.X
67,7,STAT3,12.399908346424857,STAT3,X.XXXXX*XXXXX.X
68,8,STAT3,6.971086061449804,STAT3,X.XXXXX*XXXXX.X
69,9,STAT3,11.532069457328172,STAT3,X.XXXXX*XXXXX.X
70,10,STAT3,12.366348548964492,STAT3,X.XXXXX*XXXXX.X
71,11,STAT3,9.136433704777405,STAT3,X.XXXXX*XXXXX.X
72,12,STAT3,12.687912006960845,STAT3,X.XXXXX*XXXXX.X
73,13,STAT3,12.161164152067443,STAT3,X.XXXXX*XXXXX.X
74,14,STAT3,9.474219627436769,STAT3,X.XXXXX*XXXXX.X
75,15,STAT3,11.104246523058151,STAT3,X.XXXXX*XXXXX.X
76,16,STAT3,8.909825789731139,STAT3,X.XXXXX*XXXXX.X
77,17,STAT3,11.686703046401082,STAT3,X.XXXXX*XXXXX.X
78,18,STAT3,6.990413700488092,STAT3,X.XXXXX*XXXXX.X
79,19,STAT3,12.667755017993576,STAT3,X.XXXXX*XXXXX.X
80,0,STAT5A,6.419733881299133,STAT5A,X.XXXXX*XXXXX.X
81,1,STAT5A,6.056520469299201,STAT5A,X.XXXXX*XXXXX.X
82,2,STAT5A,0.3665565116830381,STAT5A,X.XXXXX*XXXXX.X
83,3,STAT5A,4.8267970974128,STAT5A,X.XXXXX*XXXXX.X
84,4,STAT5A,-0.28289252006029514,STAT5A,X.XXXXX*XXXXX.X
85,5,STAT5A,7.661939134972126,STAT5A,X.XXXXX*XXXXX.X
86,6,STAT5A,2.1215293462247033,STAT5A,X.XXXXX*XXXXX.X
87,7,STAT5A,6.277810519514344,STAT5A,X.XXXXX*XXXXX.X
88,8,STAT5A,1.297368723565644,STAT5A,X.XXXXX*XXXXX.X
89,9,STAT5A,1.9567582126043783,STAT5A,X.XXXXX*XXXXX.X
90,10,STAT5A,1.2469338730832396,STAT5A,X.XXXXX*XXXXX.X
91,11,STAT5A,2.342070550455656,STAT5A,X.XXXXX*XXXXX.X
92,12,STAT5A,2.8723078414712924,STAT5A,X.XXXXX*XXXXX.X
93,13,STAT5A,3.499516715829649,STAT5A,X.XXXXX*XXXXX.X
94,14,STAT5A,1.6655061946930483,STAT5A,X.XXXXX*XXXXX.X
95,15,STAT5A,0.9013371279787709,STAT5A,X.XXXXX*XXXXX.X
96,16,STAT5A,-0.33753135191517397,STAT5A,X.XXXXX*XXXXX.X
97,17,STAT5A,6.714175139237143,STAT5A,X.XXXXX*XXXXX.X
98,18,STAT5A,-1.3251296447180825,STAT5A,X.XXXXX*XXXXX.X
99,19,STAT5A,5.474499811152718,STAT5A,X.XXXXX*XXXXX.X
100,0,STAT5B,-0.43686018123254444,STAT5B,X.XXXXX*XXXXX.X
101,1,STAT5B,-0.43421782124868274,STAT5B,X.XXXXX*XXXXX.X
102,2,STAT5B,-0.4341055380297823,STAT5B,X.XXXXX*XXXXX.X
103,3,STAT5B,-0.4350456465339026,STAT5B,X.XXXXX*XXXXX.X
104,4,STAT5B,-0.4338021758748987,STAT5B,X.XXXXX*XXXXX.X
105,5,STAT5B,-0.43558727119433294,STAT5B,X.XXXXX*XXXXX.X
106,6,STAT5B,-0.43380304493071903,STAT5B,X.XXXXX*XXXXX.X
107,7,STAT5B,-0.4367900115992936,STAT5B,X.XXXXX*XXXXX.X
108,8,STAT5B,-0.4338213189528881,STAT5B,X.XXXXX*XXXXX.X
109,9,STAT5B,-0.43715636797988655,STAT5B,X.XXXXX*XXXXX.X
110,10,STAT5B,-0.4763455735072042,STAT5B,X.XXXXX*XXXXX.X
111,11,STAT5B,-0.43391394616062356,STAT5B,X.XXXXX*XXXXX.X
112,12,STAT5B,-0.6954759770943182,STAT5B,X.XXXXX*XXXXX.X
113,13,STAT5B,-0.46957931308314127,STAT5B,X.XXXXX*XXXXX.X
114,14,STAT5B,-0.4338343121425282,STAT5B,X.XXXXX*XXXXX.X
115,15,STAT5B,-0.4354672360153139,STAT5B,X.XXXXX*XXXXX.X
116,16,STAT5B,-0.43382783473313274,STAT5B,X.XXXXX*XXXXX.X
117,17,STAT5B,-0.43748350505263944,STAT5B,X.XXXXX*XXXXX.X
118,18,STAT5B,-0.4338099160936799,STAT5B,X.XXXXX*XXXXX.X
119,19,STAT5B,-0.4343524572087519,STAT5B,X.XXXXX*XXXXX.X
120,0,HRAS,0.35758403115379006,HRAS,X.XXXXX*XXXXX.X
121,1,HRAS,0.958862472345269,HRAS,X.XXXXX*XXXXX.X
122,2,HRAS,0.8441646754931321,HRAS,X.XXXXX*XXXXX.X
123,3,HRAS,0.18182794160767907,HRAS,X.XXXXX*XXXXX.X
124,4,HRAS,1.2827469435891017,HRAS,X.XXXXX*XXXXX.X
125,5,HRAS,0.2079361552462423,HRAS,X.XXXXX*XXXXX.X
126,6,HRAS,1.250789516563681,HRAS,X.XXXXX*XXXXX.X
127,7,HRAS,0.16078254889055946,HRAS,X.XXXXX*XXXXX.X
128,8,HRAS,1.2043987591519179,HRAS,X.XXXXX*XXXXX.X
129,9,HRAS,0.1887526108834112,HRAS,X.XXXXX*XXXXX.X
130,10,HRAS,0.12439829491733954,HRAS,X.XXXXX*XXXXX.X
131,11,HRAS,0.715510543723203,HRAS,X.XXXXX*XXXXX.X
132,12,HRAS,0.4905433029939439,HRAS,X.XXXXX*XXXXX.X
133,13,HRAS,0.33251148682720544,HRAS,X.XXXXX*XXXXX.X
134,14,HRAS,0.6684165735524626,HRAS,X.XXXXX*XXXXX.X
135,15,HRAS,0.5076966082936611,HRAS,X.XXXXX*XXXXX.X
136,16,HRAS,1.3662488250931488,HRAS,X.XXXXX*XXXXX.X
137,17,HRAS,0.19612942460929256,HRAS,X.XXXXX*XXXXX.X
138,18,HRAS,1.3688462999332378,HRAS,X.XXXXX*XXXXX.X
139,19,HRAS,0.25858606363271486,HRAS,X.XXXXX*XXXXX.X
140,0,KRAS,-0.472991269851939,KRAS,X.XXXXX*XXXXX.X
141,1,KRAS,-0.47290649594907314,KRAS,X.XXXXX*XXXXX.X
142,2,KRAS,-0.4564494150926531,KRAS,X.XXXXX*XXXXX.X
143,3,KRAS,-0.4727572770009376,KRAS,X.XXXXX*XXXXX.X
144,4,KRAS,-0.4595817993491315,KRAS,X.XXXXX*XXXXX.X
145,5,KRAS,-0.4729893238396046,KRAS,X.XXXXX*XXXXX.X
146,6,KRAS,-0.46757887127133474,KRAS,X.XXXXX*XXXXX.X
147,7,KRAS,-0.47299218756845307,KRAS,X.XXXXX*XXXXX.X
148,8,KRAS,-0.46629190059356546,KRAS,X.XXXXX*XXXXX.X
149,9,KRAS,-0.472928457138498,KRAS,X.XXXXX*XXXXX.X
150,10,KRAS,-0.4729924133498307,KRAS,X.XXXXX*XXXXX.X
151,11,KRAS,-0.4711669832343087,KRAS,X.XXXXX*XXXXX.X
152,12,KRAS,-0.47298967428607513,KRAS,X.XXXXX*XXXXX.X
153,13,KRAS,-0.47298376196950914,KRAS,X.XXXXX*XXXXX.X
154,14,KRAS,-0.47131044254200277,KRAS,X.XXXXX*XXXXX.X
155,15,KRAS,-0.4729518724724478,KRAS,X.XXXXX*XXXXX.X
156,16,KRAS,-0.466783590552441,KRAS,X.XXXXX*XXXXX.X
157,17,KRAS,-0.4728993194436474,KRAS,X.XXXXX*XXXXX.X
158,18,KRAS,-0.37488528815549915,KRAS,X.XXXXX*XXXXX.X
159,19,KRAS,-0.47294587152133566,KRAS,X.XXXXX*XXXXX.X
160,0,NRAS,-0.5661004737429827,NRAS,X.XXXXX*XXXXX.X
161,1,NRAS,-0.48425873477278514,NRAS,X.XXXXX*XXXXX.X
162,2,NRAS,-0.3996964129678634,NRAS,X.XXXXX*XXXXX.X
163,3,NRAS,-0.399585486459422,NRAS,X.XXXXX*XXXXX.X
164,4,NRAS,-0.40000906811705106,NRAS,X.XXXXX*XXXXX.X
165,5,NRAS,-0.5615854893571067,NRAS,X.XXXXX*XXXXX.X
166,6,NRAS,-0.467677883677656,NRAS,X.XXXXX*XXXXX.X
167,7,NRAS,-0.4918015377987647,NRAS,X.XXXXX*XXXXX.X
168,8,NRAS,-0.4046754052619283,NRAS,X.XXXXX*XXXXX.X
169,9,NRAS,-0.4026380908156275,NRAS,X.XXXXX*XXXXX.X
170,10,NRAS,-0.40518381087237937,NRAS,X.XXXXX*XXXXX.X
171,11,NRAS,-0.4019310360405314,NRAS,X.XXXXX*XXXXX.X
172,12,NRAS,-0.41773874860638144,NRAS,X.XXXXX*XXXXX.X
173,13,NRAS,-0.6940564578013084,NRAS,X.XXXXX*XXXXX.X
174,14,NRAS,-0.40026116094338077,NRAS,X.XXXXX*XXXXX.X
175,15,NRAS,-0.42472504878832107,NRAS,X.XXXXX*XXXXX.X
176,16,NRAS,-0.40009568453075656,NRAS,X.XXXXX*XXXXX.X
177,17,NRAS,-0.39718053002118936,NRAS,X.XXXXX*XXXXX.X
178,18,NRAS,-0.3997993440325789,NRAS,X.XXXXX*XXXXX.X
179,19,NRAS,-0.4063296041602658,NRAS,X.XXXXX*XXXXX.X
180,0,RAF1,3.083711644676655,RAF1,X.XXXXX*XXXXX.X
181,1,RAF1,2.781479158115091,RAF1,X.XXXXX*XXXXX.X
182,2,RAF1,2.6087309504705685,RAF1,X.XXXXX*XXXXX.X
183,3,RAF1,2.717720782325132,RAF1,X.XXXXX*XXXXX.X
184,4,RAF1,2.7520891246258103,RAF1,X.XXXXX*XXXXX.X
185,5,RAF1,3.230101939128677,RAF1,X.XXXXX*XXXXX.X
186,6,RAF1,2.7481919357377467,RAF1,X.XXXXX*XXXXX.X
187,7,RAF1,3.689136384361785,RAF1,X.XXXXX*XXXXX.X
188,8,RAF1,2.7502910232397646,RAF1,X.XXXXX*XXXXX.X
189,9,RAF1,2.5083165212259204,RAF1,X.XXXXX*XXXXX.X
190,10,RAF1,1.2108845403981876,RAF1,X.XXXXX*XXXXX.X
191,11,RAF1,2.746074448402725,RAF1,X.XXXXX*XXXXX.X
192,12,RAF1,2.483444291295138,RAF1,X.XXXXX*XXXXX.X
193,13,RAF1,1.67327529889821,RAF1,X.XXXXX*XXXXX.X
194,14,RAF1,2.7526312251964127,RAF1,X.XXXXX*XXXXX.X
195,15,RAF1,2.4837390301409417,RAF1,X.XXXXX*XXXXX.X
196,16,RAF1,2.6991155257538795,RAF1,X.XXXXX*XXXXX.X
197,17,RAF1,2.794728742477836,RAF1,X.XXXXX*XXXXX.X
198,18,RAF1,2.7368876928990375,RAF1,X.XXXXX*XXXXX.X
199,19,RAF1,2.7979515860322692,RAF1,X.XXXXX*XXXXX.X
200,0,BRAF,-4.987377977573117,BRAF,X.XXXXX*XXXXX.X
201,1,BRAF,-5.005579180183215,BRAF,X.XXXXX*XXXXX.X
202,2,BRAF,-4.8687490492669285,BRAF,X.XXXXX*XXXXX.X
203,3,BRAF,-4.964108608934206,BRAF,X.XXXXX*XXXXX.X
204,4,BRAF,-3.679755545208224,BRAF,X.XXXXX*XXXXX.X
205,5,BRAF,-4.98447789252201,BRAF,X.XXXXX*XXXXX.X
206,6,BRAF,-4.682044883872873,BRAF,X.XXXXX*XXXXX.X
207,7,BRAF,-4.92414669313061,BRAF,X.XXXXX*XXXXX.X
208,8,BRAF,-4.434483185308302,BRAF,X.XXXXX*XXXXX.X
209,9,BRAF,-4.956240789994281,BRAF,X.XXXXX*XXXXX.X
210,10,BRAF,-4.755796466657787,BRAF,X.XXXXX*XXXXX.X
211,11,BRAF,-4.701201014299353,BRAF,X.XXXXX*XXXXX.X
212,12,BRAF,-4.977963759945147,BRAF,X.XXXXX*XXXXX.X
213,13,BRAF,-5.001550223358774,BRAF,X.XXXXX*XXXXX.X
214,14,BRAF,-4.281801836142254,BRAF,X.XXXXX*XXXXX.X
215,15,BRAF,-4.930462708375426,BRAF,X.XXXXX*XXXXX.X
216,16,BRAF,-4.444584431419735,BRAF,X.XXXXX*XXXXX.X
217,17,BRAF,-4.981867385868709,BRAF,X.XXXXX*XXXXX.X
218,18,BRAF,-3.8587495255390567,BRAF,X.XXXXX*XXXXX.X
219,19,BRAF,-4.965421915204921,BRAF,X.XXXXX*XXXXX.X
220,0,MAP2K1,-4.571090144432173,MAP2K1,X.XXXXX*XXXXX.X
221,1,MAP2K1,-4.634411758624081,MAP2K1,X.XXXXX*XXXXX.X
222,2,MAP2K1,-4.635178105143412,MAP2K1,X.XXXXX*XXXXX.X
223,3,MAP2K1,-4.599635432821115,MAP2K1,X.XXXXX*XXXXX.X
224,4,MAP2K1,-4.290634411142025,MAP2K1,X.XXXXX*XXXXX.X
225,5,MAP2K1,-4.596668227814442,MAP2K1,X.XXXXX*XXXXX.X
226,6,MAP2K1,-4.627548740936016,MAP2K1,X.XXXXX*XXXXX.X
227,7,MAP2K1,-4.526906627267312,MAP2K1,X.XXXXX*XXXXX.X
228,8,MAP2K1,-4.57454704857784,MAP2K1,X.XXXXX*XXXXX.X
229,9,MAP2K1,-4.631547825748181,MAP2K1,X.XXXXX*XXXXX.X
230,10,MAP2K1,-4.441695929174462,MAP2K1,X.XXXXX*XXXXX.X
231,11,MAP2K1,-4.599745656757595,MAP2K1,X.XXXXX*XXXXX.X
232,12,MAP2K1,-4.49063513274437,MAP2K1,X.XXXXX*XXXXX.X
233,13,MAP2K1,-4.629635565090327,MAP2K1,X.XXXXX*XXXXX.X
234,14,MAP2K1,-4.378513407808484,MAP2K1,X.XXXXX*XXXXX.X
235,15,MAP2K1,-4.638344683663403,MAP2K1,X.XXXXX*XXXXX.X
236,16,MAP2K1,-4.634608690090261,MAP2K1,X.XXXXX*XXXXX.X
237,17,MAP2K1,-4.596978747185526,MAP2K1,X.XXXXX*XXXXX.X
238,18,MAP2K1,-4.621025778498769,MAP2K1,X.XXXXX*XXXXX.X
239,19,MAP2K1,-4.60801243737604,MAP2K1,X.XXXXX*XXXXX.X
240,0,MAP2K2,-0.36548741717956995,MAP2K2,X.XXXXX*XXXXX.X
241,1,MAP2K2,-0.14837691616511123,MAP2K2,X.XXXXX*XXXXX.X
242,2,MAP2K2,-0.054975923260186486,MAP2K2,X.XXXXX*XXXXX.X
243,3,MAP2K2,0.7900979954104191,MAP2K2,X.XXXXX*XXXXX.X
244,4,MAP2K2,-0.037867664884838365,MAP2K2,X.XXXXX*XXXXX.X
245,5,MAP2K2,0.6286949419821583,MAP2K2,X.XXXXX*XXXXX.X
246,6,MAP2K2,1.8244970801904277,MAP2K2,X.XXXXX*XXXXX.X
247,7,MAP2K2,-0.2185671361044889,MAP2K2,X.XXXXX*XXXXX.X
248,8,MAP2K2,0.2920287665328277,MAP2K2,X.XXXXX*XXXXX.X
249,9,MAP2K2,2.2923460648282226,MAP2K2,X.XXXXX*XXXXX.X
250,10,MAP2K2,-0.36195721946805864,MAP2K2,X.XXXXX*XXXXX.X
251,11,MAP2K2,0.8353063314792736,MAP2K2,X.XXXXX*XXXXX.X
252,12,MAP2K2,-0.4268762556325334,MAP2K2,X.XXXXX*XXXXX.X
253,13,MAP2K2,1.336093077494875,MAP2K2,X.XXXXX*XXXXX.X
254,14,MAP2K2,-0.06914155576957813,MAP2K2,X.XXXXX*XXXXX.X
255,15,MAP2K2,0.795143243028189,MAP2K2,X.XXXXX*XXXXX.X
256,16,MAP2K2,-0.46520724053646056,MAP2K2,X.XXXXX*XXXXX.X
257,17,MAP2K2,3.024989168069749,MAP2K2,X.XXXXX*XXXXX.X
258,18,MAP2K2,-0.3429348967852764,MAP2K2,X.XXXXX*XXXXX.X
259,19,MAP2K2,0.23446277134491544,MAP2K2,X.XXXXX*XXXXX.X
260,0,MAPK1,12.150196558881627,MAPK1,X.XXXXX*XXXXX.X
261,1,MAPK1,12.939078063765425,MAPK1,X.XXXXX*XXXXX.X
262,2,MAPK1,9.121269512624794,MAPK1,X.XXXXX*XXXXX.X
263,3,MAPK1,11.485522493750922,MAPK1,X.XXXXX*XXXXX.X
264,4,MAPK1,5.415275682888615,MAPK1,X.XXXXX*XXXXX.X
265,5,MAPK1,11.932851700704562,MAPK1,X.XXXXX*XXXXX.X
266,6,MAPK1,8.772300675049205,MAPK1,X.XXXXX*XXXXX.X
267,7,MAPK1,11.634203681163187,MAPK1,X.XXXXX*XXXXX.X
268,8,MAPK1,7.481298370028987,MAPK1,X.XXXXX*XXXXX.X
269,9,MAPK1,10.355133314592766,MAPK1,X.XXXXX*XXXXX.X
270,10,MAPK1,13.239920932138027,MAPK1,X.XXXXX*XXXXX.X
271,11,MAPK1,7.692197885325,MAPK1,X.XXXXX*XXXXX.X
272,12,MAPK1,10.420542062719658,MAPK1,X.XXXXX*XXXXX.X
273,13,MAPK1,13.022590488237684,MAPK1,X.XXXXX*XXXXX.X
274,14,MAPK1,5.8920361323920325,MAPK1,X.XXXXX*XXXXX.X
275,15,MAPK1,9.96750420025769,MAPK1,X.XXXXX*XXXXX.X
276,16,MAPK1,8.771415436774275,MAPK1,X.XXXXX*XXXXX.X
277,17,MAPK1,12.465250065292746,MAPK1,X.XXXXX*XXXXX.X
278,18,MAPK1,6.974828569214257,MAPK1,X.XXXXX*XXXXX.X
279,19,MAPK1,10.910805431233422,MAPK1,X.XXXXX*XXXXX.X
280,0,MAPK3,-4.469133733118502,MAPK3,X.XXXXX*XXXXX.X
281,1,MAPK3,-1.7424780429421804,MAPK3,X.XXXXX*XXXXX.X
282,2,MAPK3,2.232069459944359,MAPK3,X.XXXXX*XXXXX.X
283,3,MAPK3,-1.4125511716049028,MAPK3,X.XXXXX*XXXXX.X
284,4,MAPK3,-4.190843728881987,MAPK3,X.XXXXX*XXXXX.X
285,5,MAPK3,-5.1078177885930875,MAPK3,X.XXXXX*XXXXX.X
286,6,MAPK3,-3.294807448714083,MAPK3,X.XXXXX*XXXXX.X
287,7,MAPK3,-5.090547723578499,MAPK3,X.XXXXX*XXXXX.X
288,8,MAPK3,-3.642579290837481,MAPK3,X.XXXXX*XXXXX.X
289,9,MAPK3,-3.1834422812171987,MAPK3,X.XXXXX*XXXXX.X
290,10,MAPK3,-5.137875005086478,MAPK3,X.XXXXX*XXXXX.X
291,11,MAPK3,-3.875200309472055,MAPK3,X.XXXXX*XXXXX.X
292,12,MAPK3,-5.313671035849366,MAPK3,X.XXXXX*XXXXX.X
293,13,MAPK3,-4.376087005457987,MAPK3,X.XXXXX*XXXXX.X
294,14,MAPK3,-4.947451618086622,MAPK3,X.XXXXX*XXXXX.X
295,15,MAPK3,-3.8604565327163707,MAPK3,X.XXXXX*XXXXX.X
296,16,MAPK3,0.2614601427879504,MAPK3,X.XXXXX*XXXXX.X
297,17,MAPK3,-1.9564565922775916,MAPK3,X.XXXXX*XXXXX.X
298,18,MAPK3,0.8760216811623226,MAPK3,X.XXXXX*XXXXX.X
299,19,MAPK3,-4.327994836210895,MAPK3,X.XXXXX*XXXXX.X
300,0,PIK3CA,1.8628235814771525,PIK3CA,X.XXXXX*XXXXX.X
301,1,PIK3CA,1.8668248236339204,PIK3CA,X.XXXXX*XXXXX.X
302,2,PIK3CA,2.0189177984919024,PIK3CA,X.XXXXX*XXXXX.X
303,3,PIK3CA,1.9328802777981886,PIK3CA,X.XXXXX*XXXXX.X
304,4,PIK3CA,2.250620040228647,PIK3CA,X.XXXXX*XXXXX.X
305,5,PIK3CA,1.8679435445167851,PIK3CA,X.XXXXX*XXXXX.X
306,6,PIK3CA,3.3856077514136556,PIK3CA,X.XXXXX*XXXXX.X
307,7,PIK3CA,1.8630631883821283,PIK3CA,X.XXXXX*XXXXX.X
308,8,PIK3CA,2.7911299010975026,PIK3CA,X.XXXXX*XXXXX.X
309,9,PIK3CA,1.9623299515502965,PIK3CA,X.XXXXX*XXXXX.X
310,10,PIK3CA,1.8627916195631276,PIK3CA,X.XXXXX*XXXXX.X
311,11,PIK3CA,2.685726567788122,PIK3CA,X.XXXXX*XXXXX.X
312,12,PIK3CA,1.8627877083445394,PIK3CA,X.XXXXX*XXXXX.X
313,13,PIK3CA,1.8657335813537967,PIK3CA,X.XXXXX*XXXXX.X
314,14,PIK3CA,2.5370433125405705,PIK3CA,X.XXXXX*XXXXX.X
315,15,PIK3CA,1.8811661235028796,PIK3CA,X.XXXXX*XXXXX.X
316,16,PIK3CA,1.8645484061958655,PIK3CA,X.XXXXX*XXXXX.X
317,17,PIK3CA,2.0950967938967517,PIK3CA,X.XXXXX*XXXXX.X
318,18,PIK3CA,1.960958429569328,PIK3CA,X.XXXXX*XXXXX.X
319,19,PIK3CA,1.8928853160895147,PIK3CA,X.XXXXX*XXXXX.X
320,0,AKT1,-2.3534046107969164,AKT1,X.XXXXX*XXXXX.X
321,1,AKT1,-2.2847536255453496,AKT1,X.XXXXX*XXXXX.X
322,2,AKT1,-1.7543246136769426,AKT1,X.XXXXX*XXXXX.X
323,3,AKT1,-2.344257418336407,AKT1,X.XXXXX*XXXXX.X
324,4,AKT1,-2.0265177508400085,AKT1,X.XXXXX*XXXXX.X
325,5,AKT1,-2.351439244231951,AKT1,X.XXXXX*XXXXX.X
326,6,AKT1,-2.184245851508325,AKT1,X.XXXXX*XXXXX.X
327,7,AKT1,-2.3556412632231942,AKT1,X.XXXXX*XXXXX.X
328,8,AKT1,-2.175327468015521,AKT1,X.XXXXX*XXXXX.X
329,9,AKT1,-2.3561570794069038,AKT1,X.XXXXX*XXXXX.X
330,10,AKT1,-2.357551852177352,AKT1,X.XXXXX*XXXXX.X
331,11,AKT1,-2.3249811297745464,AKT1,X.XXXXX*XXXXX.X
332,12,AKT1,-2.3571290496129746,AKT1,X.XXXXX*XXXXX.X
333,13,AKT1,-2.3567605094763553,AKT1,X.XXXXX*XXXXX.X
334,14,AKT1,-2.3337250131648495,AKT1,X.XXXXX*XXXXX.X
335,15,AKT1,-2.355941143494458,AKT1,X.XXXXX*XXXXX.X
336,16,AKT1,-1.3208693457147487,AKT1,X.XXXXX*XXXXX.X
337,17,AKT1,-2.351236231298783,AKT1,X.XXXXX*XXXXX.X
338,18,AKT1,-0.5104416418855687,AKT1,X.XXXXX*XXXXX.X
339,19,AKT1,-2.3494398752038097,AKT1,X.XXXXX*XXXXX.X
340,0,AKT2,-3.121329284654955,AKT2,X.XXXXX*XXXXX.X
341,1,AKT2,-3.1213268442532542,AKT2,X.XXXXX*XXXXX.X
342,2,AKT2,-3.121248399209598,AKT2,X.XXXXX*XXXXX.X
343,3,AKT2,-3.121328722640053,AKT2,X.XXXXX*XXXXX.X
344,4,AKT2,-3.11568847873991,AKT2,X.XXXXX*XXXXX.X
345,5,AKT2,-3.1213296329081777,AKT2,X.XXXXX*XXXXX.X
346,6,AKT2,-3.1213116822547518,AKT2,X.XXXXX*XXXXX.X
347,7,AKT2,-3.1213295087039388,AKT2,X.XXXXX*XXXXX.X
348,8,AKT2,-3.121174833097712,AKT2,X.XXXXX*XXXXX.X
349,9,AKT2,-3.1213294584369486,AKT2,X.XXXXX*XXXXX.X
350,10,AKT2,-3.1213295309035907,AKT2,X.XXXXX*XXXXX.X
351,11,AKT2,-3.1213071472717466,AKT2,X.XXXXX*XXXXX.X
352,12,AKT2,-3.1213297760506986,AKT2,X.XXXXX*XXXXX.X
353,13,AKT2,-3.121329772956842,AKT2,X.XXXXX*XXXXX.X
354,14,AKT2,-3.1211651164179672,AKT2,X.XXXXX*XXXXX.X
355,15,AKT2,-3.1213278383455556,AKT2,X.XXXXX*XXXXX.X
356,16,AKT2,-3.1107443804437795,AKT2,X.XXXXX*XXXXX.X
357,17,AKT2,-3.1213297277662577,AKT2,X.XXXXX*XXXXX.X
358,18,AKT2,-3.106353514399176,AKT2,X.XXXXX*XXXXX.X
359,19,AKT2,-3.1213278189566998,AKT2,X.XXXXX*XXXXX.X
360,0,AKT3,1.4354357648974656,AKT3,X.XXXXX*XXXXX.X
361,1,AKT3,1.4712458172802536,AKT3,X.XXXXX*XXXXX.X
362,2,AKT3,1.7938817712004567,AKT3,X.XXXXX*XXXXX.X
363,3,AKT3,1.440230638716132,AKT3,X.XXXXX*XXXXX.X
364,4,AKT3,1.7544705590852228,AKT3,X.XXXXX*XXXXX.X
365,5,AKT3,1.4353635372443905,AKT3,X.XXXXX*XXXXX.X
366,6,AKT3,1.9194381653596522,AKT3,X.XXXXX*XXXXX.X
367,7,AKT3,1.435298810627678,AKT3,X.XXXXX*XXXXX.X
368,8,AKT3,1.7491435350860085,AKT3,X.XXXXX*XXXXX.X
369,9,AKT3,1.4358237071923565,AKT3,X.XXXXX*XXXXX.X
370,10,AKT3,1.4352881585250132,AKT3,X.XXXXX*XXXXX.X
371,11,AKT3,1.470140603194259,AKT3,X.XXXXX*XXXXX.X
372,12,AKT3,1.4352846029638786,AKT3,X.XXXXX*XXXXX.X
373,13,AKT3,1.4353234372851742,AKT3,X.XXXXX*XXXXX.X
374,14,AKT3,1.4500188142563248,AKT3,X.XXXXX*XXXXX.X
375,15,AKT3,1.4359070040805528,AKT3,X.XXXXX*XXXXX.X
376,16,AKT3,2.0171722109663723,AKT3,X.XXXXX*XXXXX.X
377,17,AKT3,1.4368919988900843,AKT3,X.XXXXX*XXXXX.X
378,18,AKT3,3.3629822271710044,AKT3,X.XXXXX*XXXXX.X
379,19,AKT3,1.4365592192787697,AKT3,X.XXXXX*XXXXX.X
380,0,FLT3-Y843y,6.953293243356718,FLT3,X.XXXXX*XXXXX.X
381,1,FLT3-Y843y,5.064503023651711,FLT3,X.XXXXX*XXXXX.X
382,2,FLT3-Y843y,6.1117730961853685,FLT3,X.XXXXX*XXXXX.X
383,3,FLT3-Y843y,7.280938587920562,FLT3,X.XXXXX*XXXXX.X
384,4,FLT3-Y843y,4.879588526722476,FLT3,X.XXXXX*XXXXX.X
385,5,FLT3-Y843y,6.1226758736419855,FLT3,X.XXXXX*XXXXX.X
386,6,FLT3-Y843y,1.8871305969783616,FLT3,X.XXXXX*XXXXX.X
387,7,FLT3-Y843y,7.259093673717696,FLT3,X.XXXXX*XXXXX.X
388,8,FLT3-Y843y,3.811271757392228,FLT3,X.XXXXX*XXXXX.X
389,9,FLT3-Y843y,4.888622469333734,FLT3,X.XXXXX*XXXXX.X
390,10,FLT3-Y843y,5.456808748373445,FLT3,X.XXXXX*XXXXX.X
391,11,FLT3-Y843y,5.491044861009239,FLT3,X.XXXXX*XXXXX.X
392,12,FLT3-Y843y,1.7860410407155152,FLT3,X.XXXXX*XXXXX.X
393,13,FLT3-Y843y,1.1897849799091043,FLT3,X.XXXXX*XXXXX.X
394,14,FLT3-Y843y,6.657264679656685,FLT3,X.XXXXX*XXXXX.X
395,15,FLT3-Y843y,3.7784789722128607,FLT3,X.XXXXX*XXXXX.X
396,16,FLT3-Y843y,6.587291247748117,FLT3,X.XXXXX*XXXXX.X
397,17,FLT3-Y843y,6.616826164195412,FLT3,X.XXXXX*XXXXX.X
398,18,FLT3-Y843y,4.324744436971402,FLT3,X.XXXXX*XXXXX.X
399,19,FLT3-Y843y,7.391053698022482,FLT3,X.XXXXX*XXXXX.X
400,0,STAT1-Y701y,6.456714460059603,STAT1,X.XXXXX*XXXXX.X
401,1,STAT1-Y701y,8.102175652310116,STAT1,X.XXXXX*XXXXX.X
402,2,STAT1-Y701y,5.238051849130188,STAT1,X.XXXXX*XXXXX.X
403,3,STAT1-Y701y,8.15232497727608,STAT1,X.XXXXX*XXXXX.X
404,4,STAT1-Y701y,7.587380403014323,STAT1,X.XXXXX*XXXXX.X
405,5,STAT1-Y701y,8.635988704117612,STAT1,X.XXXXX*XXXXX.X
406,6,STAT1-Y701y,7.789539776444297,STAT1,X.XXXXX*XXXXX.X
407,7,STAT1-Y701y,7.79701266178009,STAT1,X.XXXXX*XXXXX.X
408,8,STAT1-Y701y,7.581458529109449,STAT1,X.XXXXX*XXXXX.X
409,9,STAT1-Y701y,8.172952296886539,STAT1,X.XXXXX*XXXXX.X
410,10,STAT1-Y701y,6.267939506501178,STAT1,X.XXXXX*XXXXX.X
411,11,STAT1-Y701y,8.369967136495113,STAT1,X.XXXXX*XXXXX.X
412,12,STAT1-Y701y,1.1026676002012614,STAT1,X.XXXXX*XXXXX.X
413,13,STAT1-Y701y,4.59624612817025,STAT1,X.XXXXX*XXXXX.X
414,14,STAT1-Y701y,7.734828272711039,STAT1,X.XXXXX*XXXXX.X
415,15,STAT1-Y701y,8.115807101971225,STAT1,X.XXXXX*XXXXX.X
416,16,STAT1-Y701y,6.818357918066797,STAT1,X.XXXXX*XXXXX.X
417,17,STAT1-Y701y,8.281134614393528,STAT1,X.XXXXX*XXXXX.X
418,18,STAT1-Y701y,3.9215238773072127,STAT1,X.XXXXX*XXXXX.X
419,19,STAT1-Y701y,9.85306321699448,STAT1,X.XXXXX*XXXXX.X
420,0,STAT3-Y705y,12.494314759282478,STAT3,X.XXXXX*XXXXX.X
421,1,STAT3-Y705y,11.528179235516236,STAT3,X.XXXXX*XXXXX.X
422,2,STAT3-Y705y,11.80395875758784,STAT3,X.XXXXX*XXXXX.X
423,3,STAT3-Y705y,11.90012573902243,STAT3,X.XXXXX*XXXXX.X
424,4,STAT3-Y705y,7.8261691731410385,STAT3,X.XXXXX*XXXXX.X
425,5,STAT3-Y705y,13.035220850596529,STAT3,X.XXXXX*XXXXX.X
426,6,STAT3-Y705y,5.946731097955044,STAT3,X.XXXXX*XXXXX.X
427,7,STAT3-Y705y,12.762251088292388,STAT3,X.XXXXX*XXXXX.X
428,8,STAT3-Y705y,7.330870937184137,STAT3,X.XXXXX*XXXXX.X
429,9,STAT3-Y705y,11.894086762491359,STAT3,X.XXXXX*XXXXX.X
430,10,STAT3-Y705y,12.728694769658077,STAT3,X.XXXXX*XXXXX.X
431,11,STAT3-Y705y,9.498322388530358,STAT3,X.XXXXX*XXXXX.X
432,12,STAT3-Y705y,13.050252159004746,STAT3,X.XXXXX*XXXXX.X
433,13,STAT3-Y705y,12.523334260644592,STAT3,X.XXXXX*XXXXX.X
434,14,STAT3-Y705y,9.836428218925866,STAT3,X.XXXXX*XXXXX.X
435,15,STAT3-Y705y,11.466197197806716,STAT3,X.XXXXX*XXXXX.X
436,16,STAT3-Y705y,9.27204755011125,STAT3,X.XXXXX*XXXXX.X
437,17,STAT3-Y705y,12.048919503770032,STAT3,X.XXXXX*XXXXX.X
438,18,STAT3-Y705y,7.351351568257882,STAT3,X.XXXXX*XXXXX.X
439,19,STAT3-Y705y,13.030050472516786,STAT3,X.XXXXX*XXXXX.X
440,0,STAT5A-Y694y,7.817757725336535,STAT5A,X.XXXXX*XXXXX.X
441,1,STAT5A-Y694y,7.454509241292711,STAT5A,X.XXXXX*XXXXX.X
442,2,STAT5A-Y694y,1.760913730712567,STAT5A,X.XXXXX*XXXXX.X
443,3,STAT5A-Y694y,6.224729051592861,STAT5A,X.XXXXX*XXXXX.X
444,4,STAT5A-Y694y,1.1075264997225147,STAT5A,X.XXXXX*XXXXX.X
445,5,STAT5A-Y694y,9.059968084552624,STAT5A,X.XXXXX*XXXXX.X
446,6,STAT5A-Y694y,3.510164976891751,STAT5A,X.XXXXX*XXXXX.X
447,7,STAT5A-Y694y,7.675833262628594,STAT5A,X.XXXXX*XXXXX.X
448,8,STAT5A-Y694y,2.6912727049677057,STAT5A,X.XXXXX*XXXXX.X
449,9,STAT5A-Y694y,3.3541190629544997,STAT5A,X.XXXXX*XXXXX.X
450,10,STAT5A-Y694y,2.643658826464398,STAT5A,X.XXXXX*XXXXX.X
451,11,STAT5A-Y694y,3.739346313376545,STAT5A,X.XXXXX*XXXXX.X
452,12,STAT5A-Y694y,4.270082054989534,STAT5A,X.XXXXX*XXXXX.X
453,13,STAT5A-Y694y,4.89740526582135,STAT5A,X.XXXXX*XXXXX.X
454,14,STAT5A-Y694y,3.0625466449334455,STAT5A,X.XXXXX*XXXXX.X
455,15,STAT5A-Y694y,2.2975088454050803,STAT5A,X.XXXXX*XXXXX.X
456,16,STAT5A-Y694y,1.0539014033202867,STAT5A,X.XXXXX*XXXXX.X
457,17,STAT5A-Y694y,8.112135320172285,STAT5A,X.XXXXX*XXXXX.X
458,18,STAT5A-Y694y,0.05256857150718496,STAT5A,X.XXXXX*XXXXX.X
459,19,STAT5A-Y694y,6.872508701894604,STAT5A,X.XXXXX*XXXXX.X
460,0,STAT5B-Y699y,3.780102507837188,STAT5B,X.XXXXX*XXXXX.X
461,1,STAT5B-Y699y,3.783045991372086,STAT5B,X.XXXXX*XXXXX.X
462,2,STAT5B-Y699y,3.78317259120177,STAT5B,X.XXXXX*XXXXX.X
463,3,STAT5B-Y699y,3.7821251708675376,STAT5B,X.XXXXX*XXXXX.X
464,4,STAT5B-Y699y,3.7834866262564844,STAT5B,X.XXXXX*XXXXX.X
465,5,STAT5B-Y699y,3.7815200252718713,STAT5B,X.XXXXX*XXXXX.X
466,6,STAT5B-Y699y,3.7830083832908765,STAT5B,X.XXXXX*XXXXX.X
467,7,STAT5B-Y699y,3.7801806315427537,STAT5B,X.XXXXX*XXXXX.X
468,8,STAT5B-Y699y,3.7834199944514713,STAT5B,X.XXXXX*XXXXX.X
469,9,STAT5B-Y699y,3.7797696988367284,STAT5B,X.XXXXX*XXXXX.X
470,10,STAT5B-Y699y,3.7359776864450893,STAT5B,X.XXXXX*XXXXX.X
471,11,STAT5B-Y699y,3.7833750843163,STAT5B,X.XXXXX*XXXXX.X
472,12,STAT5B-Y699y,3.486978750433306,STAT5B,X.XXXXX*XXXXX.X
473,13,STAT5B-Y699y,3.7435469870606526,STAT5B,X.XXXXX*XXXXX.X
474,14,STAT5B-Y699y,3.783471466934687,STAT5B,X.XXXXX*XXXXX.X
475,15,STAT5B-Y699y,3.7816451381227187,STAT5B,X.XXXXX*XXXXX.X
476,16,STAT5B-Y699y,3.7834817016600573,STAT5B,X.XXXXX*XXXXX.X
477,17,STAT5B-Y699y,3.779407182438224,STAT5B,X.XXXXX*XXXXX.X
478,18,STAT5B-Y699y,3.783474079036836,STAT5B,X.XXXXX*XXXXX.X
479,19,STAT5B-Y699y,3.7828972691558596,STAT5B,X.XXXXX*XXXXX.X
480,0,RAF1-S338s,-0.21420382206792563,RAF1,X.XXXXX*XXXXX.X
481,1,RAF1-S338s,-0.6065184435563993,RAF1,X.XXXXX*XXXXX.X
482,2,RAF1-S338s,-0.5143544516945566,RAF1,X.XXXXX*XXXXX.X
483,3,RAF1-S338s,-0.41063864318043325,RAF1,X.XXXXX*XXXXX.X
484,4,RAF1-S338s,-0.39943679682765587,RAF1,X.XXXXX*XXXXX.X
485,5,RAF1-S338s,-0.07801116263809166,RAF1,X.XXXXX*XXXXX.X
486,6,RAF1-S338s,-0.4182325011898048,RAF1,X.XXXXX*XXXXX.X
487,7,RAF1-S338s,0.4452372439008999,RAF1,X.XXXXX*XXXXX.X
488,8,RAF1-S338s,-0.4042841077226986,RAF1,X.XXXXX*XXXXX.X
489,9,RAF1-S338s,-0.6113314503341292,RAF1,X.XXXXX*XXXXX.X
490,10,RAF1-S338s,-1.5604897081372238,RAF1,X.XXXXX*XXXXX.X
491,11,RAF1-S338s,-0.41166389827591104,RAF1,X.XXXXX*XXXXX.X
492,12,RAF1-S338s,-0.7314556946136226,RAF1,X.XXXXX*XXXXX.X
493,13,RAF1-S338s,-1.3344420559078063,RAF1,X.XXXXX*XXXXX.X
494,14,RAF1-S338s,-0.4062984614620916,RAF1,X.XXXXX*XXXXX.X
495,15,RAF1-S338s,-0.6380079213651924,RAF1,X.XXXXX*XXXXX.X
496,16,RAF1-S338s,-0.4405567316240907,RAF1,X.XXXXX*XXXXX.X
497,17,RAF1-S338s,-0.34314295610557505,RAF1,X.XXXXX*XXXXX.X
498,18,RAF1-S338s,-0.4145963524191954,RAF1,X.XXXXX*XXXXX.X
499,19,RAF1-S338s,-0.3681691664566993,RAF1,X.XXXXX*XXXXX.X
500,0,BRAF-S447s,-4.046426474417647,BRAF,X.XXXXX*XXXXX.X
501,1,BRAF-S447s,-4.046412574952039,BRAF,X.XXXXX*XXXXX.X
502,2,BRAF-S447s,-4.012573961363041,BRAF,X.XXXXX*XXXXX.X
503,3,BRAF-S447s,-4.04114179141011,BRAF,X.XXXXX*XXXXX.X
504,4,BRAF-S447s,-3.0004608369262264,BRAF,X.XXXXX*XXXXX.X
505,5,BRAF-S447s,-4.046134299804659,BRAF,X.XXXXX*XXXXX.X
506,6,BRAF-S447s,-4.019906811029062,BRAF,X.XXXXX*XXXXX.X
507,7,BRAF-S447s,-4.0456367950880505,BRAF,X.XXXXX*XXXXX.X
508,8,BRAF-S447s,-3.824730218503665,BRAF,X.XXXXX*XXXXX.X
509,9,BRAF-S447s,-4.04575528944057,BRAF,X.XXXXX*XXXXX.X
510,10,BRAF-S447s,-4.046264347065799,BRAF,X.XXXXX*XXXXX.X
511,11,BRAF-S447s,-3.950693550679612,BRAF,X.XXXXX*XXXXX.X
512,12,BRAF-S447s,-4.046427984043201,BRAF,X.XXXXX*XXXXX.X
513,13,BRAF-S447s,-4.0464336927379385,BRAF,X.XXXXX*XXXXX.X
514,14,BRAF-S447s,-3.5219710874360057,BRAF,X.XXXXX*XXXXX.X
515,15,BRAF-S447s,-4.046110137601097,BRAF,X.XXXXX*XXXXX.X
516,16,BRAF-S447s,-3.963763849720842,BRAF,X.XXXXX*XXXXX.X
517,17,BRAF-S447s,-4.044549684605164,BRAF,X.XXXXX*XXXXX.X
518,18,BRAF-S447s,-3.388113641186066,BRAF,X.XXXXX*XXXXX.X
519,19,BRAF-S447s,-4.042871590535992,BRAF,X.XXXXX*XXXXX.X
520,0,MAP2K1-S218s,-0.7852988223440551,MAP2K1,X.XXXXX*XXXXX.X
521,1,MAP2K1-S218s,-0.7734575641509728,MAP2K1,X.XXXXX*XXXXX.X
522,2,MAP2K1-S218s,-0.7791203859871563,MAP2K1,X.XXXXX*XXXXX.X
523,3,MAP2K1-S218s,-0.7634164579640289,MAP2K1,X.XXXXX*XXXXX.X
524,4,MAP2K1-S218s,-0.2103859582079986,MAP2K1,X.XXXXX*XXXXX.X
525,5,MAP2K1-S218s,-0.7855502346062762,MAP2K1,X.XXXXX*XXXXX.X
526,6,MAP2K1-S218s,-0.7707564986284476,MAP2K1,X.XXXXX*XXXXX.X
527,7,MAP2K1-S218s,-0.7851208089145155,MAP2K1,X.XXXXX*XXXXX.X
528,8,MAP2K1-S218s,-0.6847245461949747,MAP2K1,X.XXXXX*XXXXX.X
529,9,MAP2K1-S218s,-0.791118646868299,MAP2K1,X.XXXXX*XXXXX.X
530,10,MAP2K1-S218s,-0.7905253035303555,MAP2K1,X.XXXXX*XXXXX.X
531,11,MAP2K1-S218s,-0.7648632662426464,MAP2K1,X.XXXXX*XXXXX.X
532,12,MAP2K1-S218s,-0.7910880091639289,MAP2K1,X.XXXXX*XXXXX.X
533,13,MAP2K1-S218s,-0.7915232667191553,MAP2K1,X.XXXXX*XXXXX.X
534,14,MAP2K1-S218s,-0.5320727266850175,MAP2K1,X.XXXXX*XXXXX.X
535,15,MAP2K1-S218s,-0.7913766444556719,MAP2K1,X.XXXXX*XXXXX.X
536,16,MAP2K1-S218s,-0.7732868596112876,MAP2K1,X.XXXXX*XXXXX.X
537,17,MAP2K1-S218s,-0.7666659108759502,MAP2K1,X.XXXXX*XXXXX.X
538,18,MAP2K1-S218s,-0.7315187834463582,MAP2K1,X.XXXXX*XXXXX.X
539,19,MAP2K1-S218s,-0.7761086190974948,MAP2K1,X.XXXXX*XXXXX.X
540,0,MAP2K1-S222s,-2.495836972373154,MAP2K1,X.XXXXX*XXXXX.X
541,1,MAP2K1-S222s,-2.763908546183532,MAP2K1,X.XXXXX*XXXXX.X
542,2,MAP2K1-S222s,-2.767471031369573,MAP2K1,X.XXXXX*XXXXX.X
543,3,MAP2K1-S222s,-2.60992803186939,MAP2K1,X.XXXXX*XXXXX.X
544,4,MAP2K1-S222s,-1.6917520275171152,MAP2K1,X.XXXXX*XXXXX.X
545,5,MAP2K1-S222s,-2.5975887748135893,MAP2K1,X.XXXXX*XXXXX.X
546,6,MAP2K1-S222s,-2.73228610943903,MAP2K1,X.XXXXX*XXXXX.X
547,7,MAP2K1-S222s,-2.3361723822012315,MAP2K1,X.XXXXX*XXXXX.X
548,8,MAP2K1-S222s,-2.5096138231727543,MAP2K1,X.XXXXX*XXXXX.X
549,9,MAP2K1-S222s,-2.7504677889394022,MAP2K1,X.XXXXX*XXXXX.X
550,10,MAP2K1-S222s,-2.071093879086568,MAP2K1,X.XXXXX*XXXXX.X
551,11,MAP2K1-S222s,-2.6104057182344773,MAP2K1,X.XXXXX*XXXXX.X
552,12,MAP2K1-S222s,-2.217461481846803,MAP2K1,X.XXXXX*XXXXX.X
553,13,MAP2K1-S222s,-2.741737667191651,MAP2K1,X.XXXXX*XXXXX.X
554,14,MAP2K1-S222s,-1.9005519760124214,MAP2K1,X.XXXXX*XXXXX.X
555,15,MAP2K1-S222s,-2.78248401616325,MAP2K1,X.XXXXX*XXXXX.X
556,16,MAP2K1-S222s,-2.765117167968217,MAP2K1,X.XXXXX*XXXXX.X
557,17,MAP2K1-S222s,-2.5988950100687505,MAP2K1,X.XXXXX*XXXXX.X
558,18,MAP2K1-S222s,-2.703305524691318,MAP2K1,X.XXXXX*XXXXX.X
559,19,MAP2K1-S222s,-2.645358196843295,MAP2K1,X.XXXXX*XXXXX.X
560,0,MAP2K2-S222s,-4.1564342021401846,MAP2K2,X.XXXXX*XXXXX.X
561,1,MAP2K2-S222s,-3.9687368010956803,MAP2K2,X.XXXXX*XXXXX.X
562,2,MAP2K2-S222s,-3.8918469697394844,MAP2K2,X.XXXXX*XXXXX.X
563,3,MAP2K2-S222s,-3.109271759265914,MAP2K2,X.XXXXX*XXXXX.X
564,4,MAP2K2-S222s,-3.89468993729505,MAP2K2,X.XXXXX*XXXXX.X
565,5,MAP2K2-S222s,-3.2606002724006062,MAP2K2,X.XXXXX*XXXXX.X
566,6,MAP2K2-S222s,-2.108814861105308,MAP2K2,X.XXXXX*XXXXX.X
567,7,MAP2K2-S222s,-4.03015089088847,MAP2K2,X.XXXXX*XXXXX.X
568,8,MAP2K2-S222s,-3.5773859221572635,MAP2K2,X.XXXXX*XXXXX.X
569,9,MAP2K2-S222s,-1.6511072731821173,MAP2K2,X.XXXXX*XXXXX.X
570,10,MAP2K2-S222s,-4.153509801663329,MAP2K2,X.XXXXX*XXXXX.X
571,11,MAP2K2-S222s,-3.076886539656529,MAP2K2,X.XXXXX*XXXXX.X
572,12,MAP2K2-S222s,-4.208459441329331,MAP2K2,X.XXXXX*XXXXX.X
573,13,MAP2K2-S222s,-2.58433887456745,MAP2K2,X.XXXXX*XXXXX.X
574,14,MAP2K2-S222s,-3.9288673779816055,MAP2K2,X.XXXXX*XXXXX.X
575,15,MAP2K2-S222s,-3.1065307811725886,MAP2K2,X.XXXXX*XXXXX.X
576,16,MAP2K2-S222s,-4.2407183235261705,MAP2K2,X.XXXXX*XXXXX.X
577,17,MAP2K2-S222s,-0.9215159375998998,MAP2K2,X.XXXXX*XXXXX.X
578,18,MAP2K2-S222s,-4.138614065870246,MAP2K2,X.XXXXX*XXXXX.X
579,19,MAP2K2-S222s,-3.626322833518894,MAP2K2,X.XXXXX*XXXXX.X
580,0,MAP2K2-S226s,2.097832702651546,MAP2K2,X.XXXXX*XXXXX.X
581,1,MAP2K2-S226s,2.252631612746983,MAP2K2,X.XXXXX*XXXXX.X
582,2,MAP2K2-S226s,2.32102838799809,MAP2K2,X.XXXXX*XXXXX.X
583,3,MAP2K2-S226s,3.015119784591313,MAP2K2,X.XXXXX*XXXXX.X
584,4,MAP2K2-S226s,2.333897511929942,MAP2K2,X.XXXXX*XXXXX.X
585,5,MAP2K2-S226s,2.875168969843486,MAP2K2,X.XXXXX*XXXXX.X
586,6,MAP2K2-S226s,3.8849005158402052,MAP2K2,X.XXXXX*XXXXX.X
587,7,MAP2K2-S226s,2.2015521805975498,MAP2K2,X.XXXXX*XXXXX.X
588,8,MAP2K2-S226s,2.586089696122573,MAP2K2,X.XXXXX*XXXXX.X
589,9,MAP2K2-S226s,4.415741803292113,MAP2K2,X.XXXXX*XXXXX.X
590,10,MAP2K2-S226s,2.1002721050710313,MAP2K2,X.XXXXX*XXXXX.X
591,11,MAP2K2-S226s,3.050870398905098,MAP2K2,X.XXXXX*XXXXX.X
592,12,MAP2K2-S226s,2.0558459308769335,MAP2K2,X.XXXXX*XXXXX.X
593,13,MAP2K2-S226s,3.507653585340798,MAP2K2,X.XXXXX*XXXXX.X
594,14,MAP2K2-S226s,2.311114545395139,MAP2K2,X.XXXXX*XXXXX.X
595,15,MAP2K2-S226s,3.018675215652296,MAP2K2,X.XXXXX*XXXXX.X
596,16,MAP2K2-S226s,2.0300342265325817,MAP2K2,X.XXXXX*XXXXX.X
597,17,MAP2K2-S226s,5.133000191249783,MAP2K2,X.XXXXX*XXXXX.X
598,18,MAP2K2-S226s,2.1094197477317462,MAP2K2,X.XXXXX*XXXXX.X
599,19,MAP2K2-S226s,2.5473961412639765,MAP2K2,X.XXXXX*XXXXX.X
600,0,MAPK1-T185t,13.43531344216175,MAPK1,X.XXXXX*XXXXX.X
601,1,MAPK1-T185t,14.544728096944404,MAPK1,X.XXXXX*XXXXX.X
602,2,MAPK1-T185t,10.731425857724656,MAPK1,X.XXXXX*XXXXX.X
603,3,MAPK1-T185t,13.230496953986004,MAPK1,X.XXXXX*XXXXX.X
604,4,MAPK1-T185t,6.998592496065298,MAPK1,X.XXXXX*XXXXX.X
605,5,MAPK1-T185t,13.663942378459211,MAPK1,X.XXXXX*XXXXX.X
606,6,MAPK1-T185t,10.524183566982645,MAPK1,X.XXXXX*XXXXX.X
607,7,MAPK1-T185t,13.117538979008959,MAPK1,X.XXXXX*XXXXX.X
608,8,MAPK1-T185t,9.122169574756853,MAPK1,X.XXXXX*XXXXX.X
609,9,MAPK1-T185t,12.123476679676791,MAPK1,X.XXXXX*XXXXX.X
610,10,MAPK1-T185t,14.29170473227897,MAPK1,X.XXXXX*XXXXX.X
611,11,MAPK1-T185t,9.417898924360399,MAPK1,X.XXXXX*XXXXX.X
612,12,MAPK1-T185t,8.099134486004118,MAPK1,X.XXXXX*XXXXX.X
613,13,MAPK1-T185t,14.788756495263524,MAPK1,X.XXXXX*XXXXX.X
614,14,MAPK1-T185t,7.354142227477038,MAPK1,X.XXXXX*XXXXX.X
615,15,MAPK1-T185t,11.71405654632429,MAPK1,X.XXXXX*XXXXX.X
616,16,MAPK1-T185t,8.32525818265984,MAPK1,X.XXXXX*XXXXX.X
617,17,MAPK1-T185t,14.232650255655297,MAPK1,X.XXXXX*XXXXX.X
618,18,MAPK1-T185t,7.920853158676846,MAPK1,X.XXXXX*XXXXX.X
619,19,MAPK1-T185t,12.61031436356486,MAPK1,X.XXXXX*XXXXX.X
620,0,MAPK1-Y187y,12.119944306889895,MAPK1,X.XXXXX*XXXXX.X
621,1,MAPK1-Y187y,13.16752796382743,MAPK1,X.XXXXX*XXXXX.X
622,2,MAPK1-Y187y,9.381273298628656,MAPK1,X.XXXXX*XXXXX.X
623,3,MAPK1-Y187y,11.814424190343464,MAPK1,X.XXXXX*XXXXX.X
624,4,MAPK1-Y187y,5.73696541265116,MAPK1,X.XXXXX*XXXXX.X
625,5,MAPK1-Y187y,12.24661117012708,MAPK1,X.XXXXX*XXXXX.X
626,6,MAPK1-Y187y,9.115774009176208,MAPK1,X.XXXXX*XXXXX.X
627,7,MAPK1-Y187y,11.750252763444626,MAPK1,X.XXXXX*XXXXX.X
628,8,MAPK1-Y187y,7.7921026075686095,MAPK1,X.XXXXX*XXXXX.X
629,9,MAPK1-Y187y,10.7003877030311,MAPK1,X.XXXXX*XXXXX.X
630,10,MAPK1-Y187y,12.919785286561215,MAPK1,X.XXXXX*XXXXX.X
631,11,MAPK1-Y187y,8.022760589439152,MAPK1,X.XXXXX*XXXXX.X
632,12,MAPK1-Y187y,6.899453302475346,MAPK1,X.XXXXX*XXXXX.X
633,13,MAPK1-Y187y,13.241165894852006,MAPK1,X.XXXXX*XXXXX.X
634,14,MAPK1-Y187y,6.157355660629569,MAPK1,X.XXXXX*XXXXX.X
635,15,MAPK1-Y187y,10.290995436565357,MAPK1,X.XXXXX*XXXXX.X
636,16,MAPK1-Y187y,8.948223428749532,MAPK1,X.XXXXX*XXXXX.X
637,17,MAPK1-Y187y,12.813026299705651,MAPK1,X.XXXXX*XXXXX.X
638,18,MAPK1-Y187y,7.2203189281625,MAPK1,X.XXXXX*XXXXX.X
639,19,MAPK1-Y187y,11.210665318221237,MAPK1,X.XXXXX*XXXXX.X
640,0,MAPK3-T202t,-3.5574128426738585,MAPK3,X.XXXXX*XXXXX.X
641,1,MAPK3-T202t,-3.226049148643731,MAPK3,X.XXXXX*XXXXX.X
642,2,MAPK3-T202t,2.3556193274980233,MAPK3,X.XXXXX*XXXXX.X
643,3,MAPK3-T202t,-3.2816402141978127,MAPK3,X.XXXXX*XXXXX.X
644,4,MAPK3-T202t,-2.617287682682476,MAPK3,X.XXXXX*XXXXX.X
645,5,MAPK3-T202t,-3.558525416744457,MAPK3,X.XXXXX*XXXXX.X
646,6,MAPK3-T202t,-1.647077989672191,MAPK3,X.XXXXX*XXXXX.X
647,7,MAPK3-T202t,-3.5589375130450516,MAPK3,X.XXXXX*XXXXX.X
648,8,MAPK3-T202t,-2.0356102123890953,MAPK3,X.XXXXX*XXXXX.X
649,9,MAPK3-T202t,-3.280485753947782,MAPK3,X.XXXXX*XXXXX.X
650,10,MAPK3-T202t,-3.5598439280092427,MAPK3,X.XXXXX*XXXXX.X
651,11,MAPK3-T202t,-2.4669787498451496,MAPK3,X.XXXXX*XXXXX.X
652,12,MAPK3-T202t,-3.559894007517045,MAPK3,X.XXXXX*XXXXX.X
653,13,MAPK3-T202t,-3.5577941724716253,MAPK3,X.XXXXX*XXXXX.X
654,14,MAPK3-T202t,-3.280262428204396,MAPK3,X.XXXXX*XXXXX.X
655,15,MAPK3-T202t,-3.0216366595336446,MAPK3,X.XXXXX*XXXXX.X
656,16,MAPK3-T202t,1.5810061966204485,MAPK3,X.XXXXX*XXXXX.X
657,17,MAPK3-T202t,-3.537160155892081,MAPK3,X.XXXXX*XXXXX.X
658,18,MAPK3-T202t,2.3318134648885747,MAPK3,X.XXXXX*XXXXX.X
659,19,MAPK3-T202t,-3.500898514067692,MAPK3,X.XXXXX*XXXXX.X
660,0,MAPK3-Y204y,-4.299385921484758,MAPK3,X.XXXXX*XXXXX.X
661,1,MAPK3-Y204y,-1.2869614553523707,MAPK3,X.XXXXX*XXXXX.X
662,2,MAPK3-Y204y,2.7008243172614095,MAPK3,X.XXXXX*XXXXX.X
663,3,MAPK3-Y204y,-0.9515687361484222,MAPK3,X.XXXXX*XXXXX.X
664,4,MAPK3-Y204y,-4.022384072415938,MAPK3,X.XXXXX*XXXXX.X
665,5,MAPK3-Y204y,-5.319593978992533,MAPK3,X.XXXXX*XXXXX.X
666,6,MAPK3-Y204y,-3.033906704509891,MAPK3,X.XXXXX*XXXXX.X
667,7,MAPK3-Y204y,-5.285458727377997,MAPK3,X.XXXXX*XXXXX.X
668,8,MAPK3-Y204y,-3.447576136163284,MAPK3,X.XXXXX*XXXXX.X
669,9,MAPK3-Y204y,-2.7862743681509357,MAPK3,X.XXXXX*XXXXX.X
670,10,MAPK3-Y204y,-5.37987199453129,MAPK3,X.XXXXX*XXXXX.X
671,11,MAPK3-Y204y,-3.606169943424905,MAPK3,X.XXXXX*XXXXX.X
672,12,MAPK3-Y204y,-5.779856182294885,MAPK3,X.XXXXX*XXXXX.X
673,13,MAPK3-Y204y,-4.184516199038308,MAPK3,X.XXXXX*XXXXX.X
674,14,MAPK3-Y204y,-5.063990064602742,MAPK3,X.XXXXX*XXXXX.X
675,15,MAPK3-Y204y,-3.5662970016562046,MAPK3,X.XXXXX*XXXXX.X
676,16,MAPK3-Y204y,0.5849185876724463,MAPK3,X.XXXXX*XXXXX.X
677,17,MAPK3-Y204y,-1.5045027493365064,MAPK3,X.XXXXX*XXXXX.X
678,18,MAPK3-Y204y,0.9788450962698708,MAPK3,X.XXXXX*XXXXX.X
679,19,MAPK3-Y204y,-4.112848316386328,MAPK3,X.XXXXX*XXXXX.X
680,0,AKT1-T308t,-1.869207846866922,AKT1,X.XXXXX*XXXXX.X
681,1,AKT1-T308t,-1.8612148352080273,AKT1,X.XXXXX*XXXXX.X
682,2,AKT1-T308t,-0.3850966103167902,AKT1,X.XXXXX*XXXXX.X
683,3,AKT1-T308t,-1.8467790375313689,AKT1,X.XXXXX*XXXXX.X
684,4,AKT1-T308t,-0.6687156402541191,AKT1,X.XXXXX*XXXXX.X
685,5,AKT1-T308t,-1.868333114853676,AKT1,X.XXXXX*XXXXX.X
686,6,AKT1-T308t,-0.935697975327596,AKT1,X.XXXXX*XXXXX.X
687,7,AKT1-T308t,-1.8691967726105512,AKT1,X.XXXXX*XXXXX.X
688,8,AKT1-T308t,-0.9661290064154344,AKT1,X.XXXXX*XXXXX.X
689,9,AKT1-T308t,-1.86586969077343,AKT1,X.XXXXX*XXXXX.X
690,10,AKT1-T308t,-1.8692141681232939,AKT1,X.XXXXX*XXXXX.X
691,11,AKT1-T308t,-1.6577064715228285,AKT1,X.XXXXX*XXXXX.X
692,12,AKT1-T308t,-1.8692139190424113,AKT1,X.XXXXX*XXXXX.X
693,13,AKT1-T308t,-1.8691369464799892,AKT1,X.XXXXX*XXXXX.X
694,14,AKT1-T308t,-1.7178602217635353,AKT1,X.XXXXX*XXXXX.X
695,15,AKT1-T308t,-1.868373558578917,AKT1,X.XXXXX*XXXXX.X
696,16,AKT1-T308t,-1.3279792808458846,AKT1,X.XXXXX*XXXXX.X
697,17,AKT1-T308t,-1.84405502484018,AKT1,X.XXXXX*XXXXX.X
698,18,AKT1-T308t,1.261976111170005,AKT1,X.XXXXX*XXXXX.X
699,19,AKT1-T308t,-1.8629458590264816,AKT1,X.XXXXX*XXXXX.X
700,0,AKT1-S473s,-1.2303443929109035,AKT1,X.XXXXX*XXXXX.X
701,1,AKT1-S473s,-0.9528383458609793,AKT1,X.XXXXX*XXXXX.X
702,2,AKT1-S473s,0.6006879782915105,AKT1,X.XXXXX*XXXXX.X
703,3,AKT1-S473s,-1.1619806537417847,AKT1,X.XXXXX*XXXXX.X
704,4,AKT1-S473s,-0.004594235045822545,AKT1,X.XXXXX*XXXXX.X
705,5,AKT1-S473s,-1.2129447614748563,AKT1,X.XXXXX*XXXXX.X
706,6,AKT1-S473s,-0.4457171743398344,AKT1,X.XXXXX*XXXXX.X
707,7,AKT1-S473s,-1.234503232595451,AKT1,X.XXXXX*XXXXX.X
708,8,AKT1-S473s,-0.4196716416598306,AKT1,X.XXXXX*XXXXX.X
709,9,AKT1-S473s,-1.2364797240420722,AKT1,X.XXXXX*XXXXX.X
710,10,AKT1-S473s,-1.2452279827394943,AKT1,X.XXXXX*XXXXX.X
711,11,AKT1-S473s,-1.052808614645807,AKT1,X.XXXXX*XXXXX.X
712,12,AKT1-S473s,-1.2443514835565626,AKT1,X.XXXXX*XXXXX.X
713,13,AKT1-S473s,-1.2425601683081493,AKT1,X.XXXXX*XXXXX.X
714,14,AKT1-S473s,-1.1021938468154882,AKT1,X.XXXXX*XXXXX.X
715,15,AKT1-S473s,-1.2365155331426225,AKT1,X.XXXXX*XXXXX.X
716,16,AKT1-S473s,1.1662784779342186,AKT1,X.XXXXX*XXXXX.X
717,17,AKT1-S473s,-1.2047650011175963,AKT1,X.XXXXX*XXXXX.X
718,18,AKT1-S473s,2.2418644821005054,AKT1,X.XXXXX*XXXXX.X
719,19,AKT1-S473s,-1.198150875267143,AKT1,X.XXXXX*XXXXX.X
720,0,AKT2-T308t,-6.152117571662418,AKT2,X.XXXXX*XXXXX.X
721,1,AKT2-T308t,-6.152117426771617,AKT2,X.XXXXX*XXXXX.X
722,2,AKT2-T308t,-6.152054074166231,AKT2,X.XXXXX*XXXXX.X
723,3,AKT2-T308t,-6.152117387161027,AKT2,X.XXXXX*XXXXX.X
724,4,AKT2-T308t,-6.148025333845309,AKT2,X.XXXXX*XXXXX.X
725,5,AKT2-T308t,-6.152117581694125,AKT2,X.XXXXX*XXXXX.X
726,6,AKT2-T308t,-6.152117175032608,AKT2,X.XXXXX*XXXXX.X
727,7,AKT2-T308t,-6.152117579541955,AKT2,X.XXXXX*XXXXX.X
728,8,AKT2-T308t,-6.152098408595504,AKT2,X.XXXXX*XXXXX.X
729,9,AKT2-T308t,-6.152117579316343,AKT2,X.XXXXX*XXXXX.X
730,10,AKT2-T308t,-6.152117576811566,AKT2,X.XXXXX*XXXXX.X
731,11,AKT2-T308t,-6.1521161387618255,AKT2,X.XXXXX*XXXXX.X
732,12,AKT2-T308t,-6.152117582270358,AKT2,X.XXXXX*XXXXX.X
733,13,AKT2-T308t,-6.1521175822715835,AKT2,X.XXXXX*XXXXX.X
734,14,AKT2-T308t,-6.15208222832106,AKT2,X.XXXXX*XXXXX.X
735,15,AKT2-T308t,-6.152117568689687,AKT2,X.XXXXX*XXXXX.X
736,16,AKT2-T308t,-6.142669886631897,AKT2,X.XXXXX*XXXXX.X
737,17,AKT2-T308t,-6.152117580526658,AKT2,X.XXXXX*XXXXX.X
738,18,AKT2-T308t,-6.13721006580286,AKT2,X.XXXXX*XXXXX.X
739,19,AKT2-T308t,-6.152117496528032,AKT2,X.XXXXX*XXXXX.X
740,0,AKT2-S473s,-1.700432288492383,AKT2,X.XXXXX*XXXXX.X
741,1,AKT2-S473s,-1.7004203245072096,AKT2,X.XXXXX*XXXXX.X
742,2,AKT2-S473s,-1.700140924944163,AKT2,X.XXXXX*XXXXX.X
743,3,AKT2-S473s,-1.7004301271494477,AKT2,X.XXXXX*XXXXX.X
744,4,AKT2-S473s,-1.6789017286127348,AKT2,X.XXXXX*XXXXX.X
745,5,AKT2-S473s,-1.7004340368615594,AKT2,X.XXXXX*XXXXX.X
746,6,AKT2-S473s,-1.700344947293412,AKT2,X.XXXXX*XXXXX.X
747,7,AKT2-S473s,-1.70043349648329,AKT2,X.XXXXX*XXXXX.X
748,8,AKT2-S473s,-1.6997178422906716,AKT2,X.XXXXX*XXXXX.X
749,9,AKT2-S473s,-1.7004334234063798,AKT2,X.XXXXX*XXXXX.X
750,10,AKT2-S473s,-1.7004335178775118,AKT2,X.XXXXX*XXXXX.X
751,11,AKT2-S473s,-1.700330835441441,AKT2,X.XXXXX*XXXXX.X
752,12,AKT2-S473s,-1.7004346080248076,AKT2,X.XXXXX*XXXXX.X
753,13,AKT2-S473s,-1.7004345981300824,AKT2,X.XXXXX*XXXXX.X
754,14,AKT2-S473s,-1.6997229548724622,AKT2,X.XXXXX*XXXXX.X
755,15,AKT2-S473s,-1.7004298683368686,AKT2,X.XXXXX*XXXXX.X
756,16,AKT2-S473s,-1.6622338565994197,AKT2,X.XXXXX*XXXXX.X
757,17,AKT2-S473s,-1.7004343863888487,AKT2,X.XXXXX*XXXXX.X
758,18,AKT2-S473s,-1.6564563292145764,AKT2,X.XXXXX*XXXXX.X
759,19,AKT2-S473s,-1.700427417583335,AKT2,X.XXXXX*XXXXX.X
760,0,AKT3-T308t,-2.7191172742948266,AKT3,X.XXXXX*XXXXX.X
761,1,AKT3-T308t,-2.6600567227175733,AKT3,X.XXXXX*XXXXX.X
762,2,AKT3-T308t,-2.5068611332553448,AKT3,X.XXXXX*XXXXX.X
763,3,AKT3-T308t,-2.7118766473743134,AKT3,X.XXXXX*XXXXX.X
764,4,AKT3-T308t,-2.476471343362439,AKT3,X.XXXXX*XXXXX.X
765,5,AKT3-T308t,-2.719242938155861,AKT3,X.XXXXX*XXXXX.X
766,6,AKT3-T308t,-2.1627200856369413,AKT3,X.XXXXX*XXXXX.X
767,7,AKT3-T308t,-2.719355789587881,AKT3,X.XXXXX*XXXXX.X
768,8,AKT3-T308t,-2.405580024201076,AKT3,X.XXXXX*XXXXX.X
769,9,AKT3-T308t,-2.718472243197061,AKT3,X.XXXXX*XXXXX.X
770,10,AKT3-T308t,-2.7193743662196157,AKT3,X.XXXXX*XXXXX.X
771,11,AKT3-T308t,-2.6802401761091086,AKT3,X.XXXXX*XXXXX.X
772,12,AKT3-T308t,-2.71938055375717,AKT3,X.XXXXX*XXXXX.X
773,13,AKT3-T308t,-2.719312806153404,AKT3,X.XXXXX*XXXXX.X
774,14,AKT3-T308t,-2.701721623625115,AKT3,X.XXXXX*XXXXX.X
775,15,AKT3-T308t,-2.7183158596709425,AKT3,X.XXXXX*XXXXX.X
776,16,AKT3-T308t,-2.318921625177651,AKT3,X.XXXXX*XXXXX.X
777,17,AKT3-T308t,-2.7167209420082528,AKT3,X.XXXXX*XXXXX.X
778,18,AKT3-T308t,-1.3128867254335619,AKT3,X.XXXXX*XXXXX.X
779,19,AKT3-T308t,-2.717207537570133,AKT3,X.XXXXX*XXXXX.X
780,0,AKT3-S473s,0.7108165497828214,AKT3,X.XXXXX*XXXXX.X
781,1,AKT3-S473s,0.7147384580119096,AKT3,X.XXXXX*XXXXX.X
782,2,AKT3-S473s,0.8453507800171847,AKT3,X.XXXXX*XXXXX.X
783,3,AKT3-S473s,0.7114030396297552,AKT3,X.XXXXX*XXXXX.X
784,4,AKT3-S473s,0.9015030307112152,AKT3,X.XXXXX*XXXXX.X
785,5,AKT3-S473s,0.710810136245251,AKT3,X.XXXXX*XXXXX.X
786,6,AKT3-S473s,0.8592021665860984,AKT3,X.XXXXX*XXXXX.X
787,7,AKT3-S473s,0.7108041534453836,AKT3,X.XXXXX*XXXXX.X
788,8,AKT3-S473s,0.8643536536749437,AKT3,X.XXXXX*XXXXX.X
789,9,AKT3-S473s,0.7108582086181334,AKT3,X.XXXXX*XXXXX.X
790,10,AKT3-S473s,0.7108034656819576,AKT3,X.XXXXX*XXXXX.X
791,11,AKT3-S473s,0.7255759735608133,AKT3,X.XXXXX*XXXXX.X
792,12,AKT3-S473s,0.7108029728858085,AKT3,X.XXXXX*XXXXX.X
793,13,AKT3-S473s,0.7108043592867819,AKT3,X.XXXXX*XXXXX.X
794,14,AKT3-S473s,0.7199162121289802,AKT3,X.XXXXX*XXXXX.X
795,15,AKT3-S473s,0.7108588732434827,AKT3,X.XXXXX*XXXXX.X
796,16,AKT3-S473s,0.7961485995532166,AKT3,X.XXXXX*XXXXX.X
797,17,AKT3-S473s,0.7109883503941741,AKT3,X.XXXXX*XXXXX.X
798,18,AKT3-S473s,1.6840494576975134,AKT3,X.XXXXX*XXXXX.X
799,19,AKT3-S473s,0.710940375541133,AKT3,X.XXXXX*XXXXX.X
